feature,mean_0,std_0,mean_1,std_1,p_value,cohen_d,abs_cohen
dist_iti_mean,0.4925074028211293,0.1287888741795278,0.6158995915542256,0.15733547459146752,1.512627115150007e-11,0.8582465013217863,0.8582465013217863
dist_tap_rate,1.9392850440581204,0.43485120320839005,1.6120449965736463,0.36297397654445196,1.2780589333897208e-08,-0.81702124375244,0.81702124375244
s2_pitch_pow_0_2hz,0.4401080525322101,0.2492438968069015,0.6291768057907163,0.2434935977895321,1.4723307988141245e-08,0.7673695702166323,0.7673695702166323
s1_roll_pow_2_5hz,0.4711808331582414,0.2670893158722917,0.28722695270677306,0.21648968716938355,3.0509225744586424e-08,-0.7566707905648128,0.7566707905648128
dist_pow_0_2hz,0.4446477496470162,0.26008860123117394,0.6408820003875181,0.26681151052242563,1.3857921853337209e-08,0.7448025712713912,0.7448025712713912
dist_pow_2_5hz,0.517931277962509,0.2628341600584535,0.3232922413882732,0.26024429993715903,2.4291944909424956e-08,-0.7441967724248506,0.7441967724248506
s1_x_pow_0_2hz,0.6216893716487925,0.25658960568984196,0.7847313295283879,0.17783682107646626,1.8038267103051958e-07,0.7385704130620785,0.7385704130620785
s1_roll_pow_0_2hz,0.47213900655915375,0.2732567915164556,0.6572234326498501,0.2396161094545679,3.334081256438164e-08,0.720207883344906,0.720207883344906
s2_pitch_pow_2_5hz,0.49905762983315943,0.24386179186404244,0.32805177587341555,0.23306448997938498,1.4956912042780947e-07,-0.7169327988153704,0.7169327988153704
s1_x_pow_2_5hz,0.3462079974806852,0.2544648971882423,0.19148851094971964,0.17325240057834282,6.479858191703905e-07,-0.7107671905330872,0.7107671905330872
s2_y_pow_0_2hz,0.5319180969705323,0.24365852168829089,0.6843474430157513,0.23897870050555864,1.212834980805156e-06,0.6316221535763515,0.6316221535763515
s1_pitch_vel_rms,191.81280997681569,89.16133307444794,145.1004191455225,66.92086179228077,1.1610234499379593e-05,-0.5925758346873717,0.5925758346873717
s1_pitch_vel_std,191.78343034546194,89.14667758111283,145.08347274975117,66.91553570028819,1.1610234499379593e-05,-0.5924973986354507,0.5924973986354507
s1_pitch_vel_p95,417.41257770299256,197.82357466699074,314.824027141577,152.6104389841475,1.4716436159493623e-05,-0.5806811154674518,0.5806811154674518
s1_pitch_pow_0_2hz,0.5320958481564381,0.25010268718281936,0.6722213726337064,0.23297897633666506,7.775784692140693e-06,0.5797677104787318,0.5797677104787318
s2_y_pow_2_5hz,0.3983814125442945,0.2397751040568482,0.2661285184839692,0.22434426227395268,1.4832535327085787e-05,-0.5695942375860805,0.5695942375860805
s1_pitch_pow_2_5hz,0.4196773164939613,0.24853214549434455,0.2889659180488195,0.22397694020680076,2.7555058246712036e-05,-0.5525195462989029,0.5525195462989029
s1_yaw_pow_2_5hz,0.3312820538898964,0.22609883624670019,0.22156276178882106,0.18377333492977177,7.197704230327863e-05,-0.5325510303945977,0.5325510303945977
s1_yaw_pow_0_2hz,0.5976566390920575,0.2504483640655245,0.7201876965328816,0.20951465218480267,8.377693058020456e-05,0.5306892210188824,0.5306892210188824
s2_yaw_pow_0_2hz,0.45172049273144815,0.23030631386744096,0.5768277087073371,0.24350770599686253,5.491642184322014e-05,0.5278808951705006,0.5278808951705006
s2_yaw_pow_2_5hz,0.381618567346965,0.20944407092136558,0.27850316559430627,0.18521251712847295,8.198590982132662e-05,-0.5215754048303138,0.5215754048303138
dist_vel_iqr,15.46884260892371,9.187889743311112,11.476357701024012,5.996950891982983,0.0011820290254405377,-0.5146118474173298,0.5146118474173298
s2_z_pow_2_5hz,0.43228389241105825,0.24854060634995767,0.3065006465311058,0.24082145720866574,2.9064232581309746e-05,-0.5140063346670877,0.5140063346670877
s2_z_pow_0_2hz,0.4902288469337069,0.2506504873055084,0.621757468922007,0.2647306719677645,4.9522607796161787e-05,0.5102226261351985,0.5102226261351985
s2_roll_pow_0_2hz,0.4333357496864946,0.20937834009782658,0.5390367212710858,0.20859091942041394,8.023112116535039e-05,0.5057825739710516,0.5057825739710516
s2_x_pow_0_2hz,0.5640864724390361,0.2376417448896796,0.6775365437097944,0.21146925716249024,0.00018944896949894238,0.50436491270011,0.50436491270011
s1_roll_dom_freq,1.9783615481839447,1.0022227837973399,1.513833001065865,0.8344458399296584,2.496605419559735e-07,-0.5037407903562663,0.5037407903562663
s1_x_vel_rms,10.06990372753498,4.949739631818418,7.95248736124557,3.369932374057398,0.0006724210550399383,-0.5000784312133111,0.5000784312133111
s1_x_vel_std,10.06812093870281,4.949656091611668,7.951064784248502,3.3700445921706934,0.0006681792678660878,-0.4999938511728783,0.4999938511728783
s2_z_iti_mean,0.4698028927600284,0.1696355103781915,0.5589495727120671,0.19086973570641402,4.6257174935746425e-07,0.4937095424819739,0.4937095424819739
s2_roll_pow_2_5hz,0.3585030167942238,0.17456681197354895,0.2765875822194409,0.15688256108250548,9.669591357745741e-05,-0.4935842148116782,0.4935842148116782
s1_pitch_vel_iqr,98.36299304904496,52.853407169234984,76.6642978292951,34.34329544801733,0.00116068008531006,-0.48684684897490027,0.48684684897490027
s1_z_pow_2_5hz,0.28781773005979405,0.22923621821051765,0.18727624019062092,0.18218938825379666,0.00014461213363943339,-0.48558242535032675,0.48558242535032675
s2_x_pow_2_5hz,0.3533335856725079,0.2217086471098326,0.25418267058820737,0.19341410199345913,0.0004373202279609066,-0.4765886778891901,0.4765886778891901
s1_x_vel_p95,21.02332395639275,9.866280685524966,16.9249689048824,7.154824283814444,0.00116068008531006,-0.4755653125115791,0.4755653125115791
s1_z_pow_0_2hz,0.673401660913134,0.23887787960817408,0.7769856793729183,0.19695787474320262,0.0001673372267281592,0.47315154577465374,0.47315154577465374
s1_x_dom_freq,1.2710805682376833,1.1770461201645723,0.7898811114116076,0.8407608832971442,3.5121036306973695e-05,-0.4704640504921853,0.4704640504921853
s2_roll_vel_p95,7434.26755661496,8076.823422400995,4219.620420251534,5357.766429385965,0.00809298307398628,-0.46905235753402885,0.46905235753402885
s1_z_vel_p95,20.805381391581083,11.469284366301174,16.14001930155012,9.029939939078583,0.00016389679436756198,-0.4519856311697766,0.4519856311697766
s1_z_vel_iqr,6.154871469498482,3.3373171110299045,4.837179143245986,2.4950699280658246,0.0007844986639735993,-0.44721451269144025,0.44721451269144025
s1_y_pow_2_5hz,0.2925895813492734,0.2194021175348963,0.2031232921093237,0.1898630297100766,0.00022627818769338352,-0.43607018640229556,0.43607018640229556
s1_y_pow_0_2hz,0.667279750193668,0.22875130006610578,0.761020153016343,0.20412307211297578,0.000196062044671304,0.43240744815900484,0.43240744815900484
s2_y_pow_5_8hz,0.04453178747712863,0.03591405143751029,0.031704542888276836,0.02414640088469611,0.0010398933345477875,-0.41917446118222573,0.41917446118222573
s1_x_vel_iqr,6.54346785935565,4.477922866224138,5.0537114617451575,2.37835790403538,0.001341930241780516,-0.41552093134805973,0.41552093134805973
s2_pitch_vel_std,511.26093407566555,147.96876681506885,450.72800751759013,143.64670873431137,0.0006556027098474452,-0.41511019995601584,0.41511019995601584
s2_pitch_vel_rms,511.3075817681427,148.0105471058465,450.7716099063823,143.67396182842006,0.0006639623701709721,-0.4150325485862845,0.4150325485862845
s2_pitch_vel_p95,1089.6248972446608,295.3123186904397,968.3812884877416,293.63819610882973,0.000623133257077351,-0.411725996948132,0.411725996948132
s2_z_tap_rate,1.6999501109640303,0.5626221349849847,1.4818209647448501,0.5005496954395668,0.00019471178799754392,-0.4096390021630371,0.4096390021630371
s1_roll_vel_iqr,191.01751143277684,132.7746244272657,147.6528441434521,78.22733827111944,0.0034073700629653893,-0.3979530628065582,0.3979530628065582
s2_x_vel_p95,31.054572099219882,13.054642734666952,26.392289402889325,10.570592534533365,0.004607829670114828,-0.39252291303192266,0.39252291303192266
s2_pitch_pow_8_12hz,0.013120586323833311,0.016055995231379894,0.008113423523174462,0.008612035545370069,0.00027339925103137116,-0.3886533624076407,0.3886533624076407
s2_x_vel_rms,14.725920488193298,6.265190429063213,12.55599254532954,4.922099073560074,0.006114644317241165,-0.38516159690440177,0.38516159690440177
s2_x_vel_std,14.723816183533753,6.264170686658001,12.554658636228915,4.92122044585544,0.006082525628237388,-0.385089844173246,0.385089844173246
s2_pitch_dom_freq,2.0984095762658592,1.0389586100814385,1.7722534162648589,0.6543679158085488,3.3314032840975477e-05,-0.3756581863124285,0.3756581863124285
dist_iti_std,0.20089107430059677,0.16404109247074355,0.27626417053805585,0.2323183926965514,0.003295336366913333,0.3748066175540113,0.3748066175540113
s2_x_vel_iqr,8.06196997559742,4.399883176749193,6.644300970413567,3.1079184465520435,0.012258962135366126,-0.3721818055234101,0.3721818055234101
s1_pitch_std,10.873335674832406,4.784645930890325,9.287452110661794,3.9039568290112205,0.00976145200164497,-0.3631882037522721,0.3631882037522721
s1_z_dom_freq,0.9648457019399528,1.0778017725004863,0.6117605787186363,0.8559370644193853,0.00017563045003390486,-0.3628037492386793,0.3628037492386793
s1_z_iqr,1.151329931972789,0.7324115064527243,0.9310420560747663,0.46385651721021387,0.06370555443567809,-0.3593480113406353,0.3593480113406353
s1_pitch_iqr,19.129561224489798,10.813418822058617,15.744607476635514,8.525897764011367,0.019629208752700696,-0.34763585817867626,0.34763585817867626
s2_z_spectral_entropy,2.7899097395800534,0.5373711278814068,2.984451658749704,0.6065942267628831,0.01237936913093536,0.3394975585643917,0.3394975585643917
s2_yaw_pow_5_8hz,0.07508865392613337,0.06229935131626227,0.056975477054166036,0.04443862260074984,0.018653325395100923,-0.3347411299980343,0.3347411299980343
s2_y_pow_8_12hz,0.015395593360582323,0.014249902050556968,0.010853762245779683,0.01291420665549514,0.00036159490421201046,-0.33399589159290416,0.33399589159290416
s2_pitch_vel_iqr,229.0855504947985,145.00923141838075,185.53448969554614,114.28203399936436,0.016358419885919843,-0.3335896669319705,0.3335896669319705
s1_y_vel_iqr,5.852066090433565,2.7803718828480672,5.0341738155532925,2.1380327291520738,0.03972377034198593,-0.3297838545199582,0.3297838545199582
s1_pitch_spectral_entropy,2.730681501348538,0.5076785571689407,2.899580697484169,0.5198855604552118,0.018653325395100923,0.328713851757157,0.328713851757157
s1_roll_spectral_entropy,2.750977129485485,0.6938798100483607,2.974878345463392,0.6880665981640381,0.004582955588583976,0.3240346133225789,0.3240346133225789
s1_z_tap_jitter,0.30086808304921564,0.2966917434271635,0.39902637824441656,0.3096925359474961,0.0031932421555620535,0.3236750891700894,0.3236750891700894
s2_z_p95,13.405814285714284,2.920857115619308,12.416712149532712,3.1901997296029805,0.00947161674838037,-0.3233950711685423,0.3233950711685423
s1_y_vel_p95,19.779437536672347,8.30009985898211,17.251304137589432,7.315363493981425,0.01839463302249757,-0.32315678199722153,0.32315678199722153
s1_z_iti_mean,0.5687887150026993,0.49985336675729,0.7255577581763177,0.47340724950497726,1.893349841865406e-06,0.32203337298750445,0.32203337298750445
s1_x_pow_8_12hz,0.006633785372420311,0.008702789105135124,0.004404832885767454,0.004484206455371402,0.000983963382582506,-0.3219788486582945,0.3219788486582945
s2_z_tap_amp_mean,-10.453260529000824,3.210482371823905,-9.40586306052207,3.2969381055968374,0.0039338868906057915,0.32188024306579066,0.32188024306579066
dist_dom_freq,2.1157601904169803,0.8758443558589073,1.8865970614370708,0.5036889757848035,2.346190517537715e-05,-0.320765869090959,0.320765869090959
s1_pitch_range,41.99482312925171,13.78100835133631,37.896504672897194,11.79122687200846,0.025890528765440183,-0.31956283671991076,0.31956283671991076
s2_z_rms,12.037493761276084,2.7550521679947115,11.103970522815777,3.0832334428124826,0.01062603830179576,-0.319289573098334,0.319289573098334
s1_yaw_vel_kurt,19.19713871832434,38.305054715814,44.53447029986923,106.35443650819923,0.03922691822308353,0.31698243475974297,0.31698243475974297
s2_z_mean,-11.973945526597948,2.7712483921396114,-11.044662166835371,3.0884719467041837,0.011729876581902556,0.31671293122788535,0.31671293122788535
s1_pitch_pow_8_12hz,0.009590914918325436,0.007284655537655363,0.007319615931572238,0.007611309988645767,0.0001855823608465464,-0.30488161832612476,0.30488161832612476
s1_yaw_vel_iqr,107.63683187232463,89.13683382662491,85.30793100394993,53.94908329534775,0.008176183151667819,-0.30307481712382855,0.30307481712382855
s2_roll_pow_5_8hz,0.08572237954736198,0.05223364008544869,0.0714216274084632,0.041992231560030034,0.05421028074112041,-0.30176472627567197,0.30176472627567197
s1_z_p95,10.805559523809524,2.6962370477130375,9.94559672897196,3.0082646977676504,0.004607829670114828,-0.3010531823989154,0.3010531823989154
s1_z_iti_cv,0.3324348427457235,0.33201586458364607,0.4335434479351354,0.3443763790712585,0.005630791831053146,0.2989145069091215,0.2989145069091215
dist_vel_p95,72.89967109071523,17.690963179251735,65.33349797222212,32.266278772899604,1.4373315351781814e-05,-0.29078275112162283,0.29078275112162283
dist_spectral_entropy,2.6121297889424717,0.5323784980556486,2.763309867015312,0.5285455126376518,0.01739110919859387,0.28499513605840315,0.28499513605840315
s1_pitch_dom_freq,1.5602908952234622,1.1653487548072654,1.2518823774237235,1.0010003874220847,0.005471262741470989,-0.2839106777100867,0.2839106777100867
s1_pitch_vel_range,2046.891269776309,1236.009193246618,1721.425357716012,1077.5744151844624,0.0211281947986933,-0.28069479842540973,0.28069479842540973
s2_y_vel_p95,41.440195338014206,19.567615990211632,36.57437546239136,15.438501552056517,0.016670277596218815,-0.2760842907291759,0.2760842907291759
s1_x_pow_5_8hz,0.0221615581965678,0.023762229949643457,0.016931249981100675,0.01262941722558593,0.035137462470524725,-0.2748712288544593,0.2748712288544593
s2_x_skew,-0.05932373061545415,0.531510543120324,0.06681899481373979,0.37568790727345347,0.05868329392585548,0.27407930002385106,0.27407930002385106
dist_tap_jitter,0.18347480993888524,0.10006755157189803,0.21276614598129096,0.11367264830042578,0.03972380658826912,0.27352998422658037,0.27352998422658037
s2_yaw_dom_freq,1.530158500859951,1.199237649807585,1.2442397777897114,0.8915931479293829,0.0020539414267019946,-0.27058430678498724,0.27058430678498724
s2_pitch_skew,-0.20790860862639476,0.38773481257423986,-0.3009225985460016,0.29502604553638945,0.21811943102054443,-0.2699867443215962,0.2699867443215962
s1_pitch_vel_kurt,11.70185272037944,20.576162861946734,21.176321577902375,45.54208713408172,0.05552128901674218,0.2681146743740026,0.2681146743740026
s1_x_spectral_entropy,2.5148516308498703,0.4858393479830651,2.643774108313599,0.4868018048827465,0.04246498041517087,0.2650975931647775,0.2650975931647775
s1_z_rms,9.794551052594647,2.565811517018897,9.06715427423231,2.911739886752105,0.009097117330465452,-0.2650638843818755,0.2650638843818755
s2_x_dom_freq,1.2851796993610367,1.1941691643082366,0.9994047012575954,0.9510103363998872,0.0008641158300672406,-0.26473925412255644,0.26473925412255644
s1_z_mean,-9.7571308102302,2.5726540130127384,-9.036116996484976,2.906129938919197,0.00947161674838037,0.26271593346702726,0.26271593346702726
s2_z_dom_freq,1.6960713961813465,1.1379953521185948,1.4243702219435315,0.9276209167223055,0.0022403104469254356,-0.26171649204278513,0.26171649204278513
s1_yaw_dom_freq,1.068775624136797,1.1522667315956547,0.7982046025473518,0.9014254155237876,0.00216397627922208,-0.26155337790242605,0.26155337790242605
s2_y_vel_iqr,10.758558764842888,5.964701522935778,9.365337641853708,4.630057973218015,0.1750729919877928,-0.2609396639589675,0.2609396639589675
s2_z_vel_iqr,8.671313930087399,5.279993514798174,7.455745974280477,3.9791909310975964,0.1737012387412199,-0.2600114369569188,0.2600114369569188
s2_y_dom_freq,1.521180044626242,1.1429039325061394,1.2632556576342266,0.8454340761804319,0.002556338555898071,-0.25658160560784793,0.25658160560784793
rel_z_p95,3.9745765306122456,1.5186699862330992,3.6093864485981304,1.3326218383317159,0.05563167740121859,-0.25561405634796575,0.25561405634796575
s2_yaw_vel_mean,3.9172683399972565,41.05409178028794,-6.243291372229653,39.703618400435644,0.6479298597314467,-0.2515955274684186,0.2515955274684186
s2_roll_spectral_entropy,3.5931033087450643,0.719238563753687,3.7676416792976184,0.6948917322795211,0.0446243842069074,0.24681248753632107,0.24681248753632107
s2_pitch_pow_5_8hz,0.042891413900640135,0.060359439953036574,0.03163137274318651,0.025784053765907197,0.019180229878733603,-0.24261247279916973,0.24261247279916973
s1_x_mean,13.941466809566943,4.479701922554148,15.046214499002126,4.637670650454627,0.05208270993753854,0.2423026805715001,0.2423026805715001
s1_x_rms,13.962488292466729,4.469488505375916,15.064317575191657,4.628765232866018,0.05271352128687797,0.2421696545631925,0.2421696545631925
s1_z_tap_rate,1.1623892117198495,0.6365459857224178,1.0228511367153106,0.5202737700100907,0.022986183541691407,-0.24003487471539242,0.24003487471539242
s1_x_p95,14.92307448979592,4.485052778208058,16.01687757009346,4.659048862001298,0.06127139056583756,0.23919356071309594,0.23919356071309594
s1_pitch_pow_5_8hz,0.03540820699533655,0.0324633437682317,0.028874043192008217,0.022291217593811013,0.06907768872866916,-0.2346560352408575,0.2346560352408575
s2_pitch_spectral_entropy,2.7671251591665404,0.5869289759183581,2.8986572112056868,0.5358734510406771,0.02942925471118542,0.23405058216844984,0.23405058216844984
rel_z_iqr,2.575049319727891,1.1079316685501899,2.3262803738317754,1.0226028937959544,0.1010566285385348,-0.23334018881138738,0.23334018881138738
s1_yaw_vel_p95,1754.4706334903995,4607.4028945170785,871.639663182224,2735.784913546269,0.29534568034677755,-0.23299987527875796,0.23299987527875796
dist_vel_rms,35.62685850199566,19.42805673509684,30.444501237396487,25.00745557841105,3.9475252067213355e-07,-0.23143571104824542,0.23143571104824542
dist_vel_std,35.62271324839627,19.424722973856355,30.441934939228787,25.004978977634494,3.9475252067213355e-07,-0.2313944329289685,0.2313944329289685
rel_roll_range,328.18666666666667,148.7485382904839,361.9747663551403,144.5704236745887,0.17179448477324266,0.2303613253897507,0.2303613253897507
s2_x_mean,12.728110251718126,4.712068411566409,13.840207879203579,4.983453168121913,0.08276102258582048,0.22931458001431523,0.22931458001431523
s2_x_rms,12.755298100262367,4.70245863752841,13.86471341467444,4.9720006178977565,0.08245505014918411,0.22926035367474634,0.22926035367474634
s1_z_iti_std,0.2761979533565286,0.585923579752293,0.39731178297997505,0.4682380620059885,0.000549303538356528,0.22836360323664756,0.22836360323664756
s2_x_pow_5_8hz,0.051045713957845226,0.03839621208342872,0.042845097933341916,0.03335182530285261,0.03620097842651887,-0.22803195807391907,0.22803195807391907
rel_x_range,3.717115646258503,1.2158890787946346,3.4600747663551403,1.0471814123149064,0.1410281589489125,-0.22653258190380546,0.22653258190380546
s1_x_vel_range,108.75105791234243,75.03166540024104,93.53888104367076,58.27820359480852,0.09304765232457014,-0.22644164325340674,0.22644164325340674
rel_z_rms,2.661243342654076,1.0754492696323672,2.4265848834360018,0.997369263437732,0.09474398234314259,-0.2262543989520486,0.2262543989520486
s2_x_p95,13.845545918367348,4.87906781477854,14.95828878504673,5.074686117623197,0.09508619184545652,0.22353939016611893,0.22353939016611893
s2_yaw_spectral_entropy,3.329143251265533,0.7445700181343496,3.5005838667596287,0.8091416383954411,0.08276102258582048,0.22049490352989742,0.22049490352989742
s1_y_dom_freq,0.9165982280291702,1.0691672144263153,0.7032598968905284,0.8717932330312027,0.006512158225447861,-0.2186997554470694,0.2186997554470694
s1_roll_vel_kurt,18.59552127513214,44.86997056506438,30.82129065250712,66.23873923007201,0.04193915403821548,0.216108172275435,0.216108172275435
rel_roll_rms,108.62143831406883,61.374074056128435,122.82290489229467,72.23758485625635,0.2129914839440461,0.21187906626030226,0.21187906626030226
s1_yaw_spectral_entropy,2.7502607381827424,0.6742663454569897,2.8868458872381493,0.6483465276628224,0.07341595334362087,0.20649871320253854,0.20649871320253854
s2_yaw_rms,115.34648237053462,35.69317320847677,107.26929323033245,42.40019694360556,0.19453741406923075,-0.20610106918717028,0.20610106918717028
s1_y_spectral_entropy,2.5522237978699676,0.5211735884383155,2.664712607535396,0.574688209918377,0.13415470966078397,0.2050530884822183,0.2050530884822183
s2_z_vel_p95,48.51873747949907,25.072262609178793,43.647502317538326,22.629662714000563,0.1319219650269293,-0.2039691885951285,0.2039691885951285
rel_z_std,1.3548148813555039,0.5725185656392943,1.2408807708094058,0.552870810478398,0.089401696839053,-0.20244859804394613,0.20244859804394613
s1_roll_vel_p95,1041.148831913071,2245.8751905641384,712.5470728552748,518.5063965008319,0.20983104164845623,-0.20161506226167847,0.20161506226167847
rel_y_kurt,-0.9321323317826427,0.964981497115223,-1.1462633118628447,1.1564398988811089,0.019629208752700696,-0.20105785260053535,0.20105785260053535
rel_z_mean,2.216814716367751,1.0776079541859354,2.0085451703503927,1.0016759567789195,0.1419650456932215,-0.20019470226170535,0.20019470226170535
s1_yaw_pow_5_8hz,0.0395199430903403,0.04028876180220447,0.032467176182851325,0.02994322405794604,0.49446137488913755,-0.19869783238612196,0.19869783238612196
s2_roll_vel_kurt,42.65700044255236,68.6184723875699,55.946050014961564,66.08530859461503,0.005442208536525774,0.19727286492750573,0.19727286492750573
s1_z_std,0.7274248260743542,0.4090499560524347,0.645920307289115,0.42107144455157147,0.11389110426036773,-0.1963471213148992,0.1963471213148992
s2_yaw_vel_iqr,198.2631898794288,94.47099669902266,180.49920870336356,86.29471419164821,0.16856214276292536,-0.19634074910599553,0.19634074910599553
dist_tap_decay,-0.0015140687109968071,0.010945049764705856,-0.0033970063226635553,0.008020374432499588,0.13505594733136336,-0.1962455542495982,0.1962455542495982
s1_yaw_skew,-0.06278477684027382,0.8785161821278878,0.1660758309867764,1.4216119988139146,0.4103171364200443,0.19367267630245288,0.19367267630245288
s1_roll_vel_range,7967.253715584357,14857.449160728604,11898.98683923294,24616.47443601014,0.5454919050679333,0.19338430455953348,0.19338430455953348
s2_x_pow_8_12hz,0.019348770341123363,0.01480689762241542,0.016415954561250293,0.015818117335400245,0.011903943490034338,-0.19142640578721162,0.19142640578721162
s1_y_vel_kurt,11.748582741947333,24.789678303138704,19.148830802213634,48.88540180157953,0.00760950901886209,0.1909364555292995,0.1909364555292995
rel_x_kurt,-0.5227365124623242,1.098183877109256,-0.7132353444765516,0.8884478116489313,0.26531148108589353,-0.190720800829991,0.190720800829991
s1_roll_std,24.287018831918296,21.384288005082325,28.812982756608154,26.20763376380083,0.14480350544280177,0.18922948566138506,0.18922948566138506
dist_p95,6.095391551632093,1.5127154349339182,5.8626952692799374,0.8747467851660007,0.2402091782883794,-0.1883242285085946,0.1883242285085946
s2_roll_vel_iqr,215.90960916144772,115.6152380979808,196.18156625000606,95.24267626953194,0.36109535134537574,-0.18625435644944993,0.18625435644944993
s1_yaw_kurt,-0.043348878687724746,2.63145910791663,1.3941187929843901,10.628768046588705,0.5799190480082956,0.18565729899202046,0.18565729899202046
s1_z_spectral_entropy,2.4820258701733606,0.5459393137931741,2.593348797502272,0.658975746181155,0.19335021260275675,0.1839735818355046,0.1839735818355046
s1_z_tap_amp_std,0.2117228489736049,0.15688730403786807,0.3109348895447259,0.7481765502280926,0.7779089257455071,0.18354013541591466,0.18354013541591466
s2_x_spectral_entropy,2.8557737652525312,0.5316911621096966,2.95172653346219,0.5178343318228131,0.14480350544280177,0.18283387435580029,0.18283387435580029
dist_pow_5_8hz,0.02555732174867103,0.013482605622821022,0.02285857257651001,0.01597643858217223,0.03604738755181652,-0.182567412836495,0.182567412836495
rel_y_iqr,2.125234693877551,1.0648459695967314,2.308668224299066,0.9409497592880947,0.12906250487984602,0.18255556909614876,0.18255556909614876
s1_roll_iqr,35.610484693877545,22.32710840597814,40.920605140186915,34.84903741153488,0.16432363482755963,0.1814455703767382,0.1814455703767382
rel_yaw_iqr,113.51872959183675,128.42074946108804,92.11980841121495,107.67924771714642,0.2246533648478043,-0.18057451098650945,0.18057451098650945
s1_roll_range,98.7620476190476,86.2671667591094,115.781261682243,101.9353826825691,0.09104445612326233,0.1802370893443339,0.1802370893443339
rel_y_rms,2.1848704585349354,0.9381505974232547,2.357428846967535,0.9926622076059735,0.2011627297816665,0.17867051461393174,0.17867051461393174
s1_z_pow_8_12hz,0.0092733036629343,0.009647898562734803,0.007451409072640891,0.010776359576159602,0.006410658599085631,-0.17813328492775923,0.17813328492775923
s2_yaw_mean,-27.30563398096718,86.42345076043385,-12.259507825892097,83.12644936123421,0.1377877418754794,0.17744961502760356,0.17744961502760356
s2_x_vel_kurt,12.173423247637272,18.825134529009564,19.56805550837803,56.378172639669515,0.06321243270209803,0.17594093174678418,0.17594093174678418
s2_x_vel_mean,0.025937416712693638,0.2721675758697186,-0.015004286896999309,0.20474083799709253,0.24720407818684753,-0.17000556772459063,0.17000556772459063
s2_z_pow_8_12hz,0.019775197318092533,0.01754132638402814,0.017032765086961638,0.014654266561441072,0.17562391937420263,-0.16967987546723062,0.16967987546723062
s2_pitch_vel_mean,-2.0109856965001702,7.484817966532721,-3.153610466444661,6.098578122408323,0.33272973178216936,-0.16736913401558784,0.16736913401558784
s2_y_vel_mean,-0.05311316429794969,0.43902188847671414,0.01099575015952833,0.317670804669333,0.29216442116133,0.16730724637911204,0.16730724637911204
s1_roll_p95,130.2353595238095,28.457610116530045,135.1409196261682,30.378835511405867,0.12285758242820187,0.16666359887519339,0.16666359887519339
s1_z_vel_kurt,12.550916288810622,21.873294388556094,18.221700950209712,43.30786677744498,0.22399374641484493,0.16529274308090317,0.16529274308090317
s2_roll_range,285.30297278911564,121.43660649224763,304.29663551401865,108.63198191737577,0.21586438319251988,0.16485791530169636,0.16485791530169636
s2_roll_vel_rms,3660.6631922016118,2562.2678658079267,3284.9848556926845,2016.386223195996,0.21941516908025893,-0.16294591518948823,0.16294591518948823
s2_roll_vel_std,3660.27781033958,2561.8046988877904,3284.6892449120105,2016.1581832800791,0.2187666109753822,-0.16293221354461315,0.16293221354461315
s1_roll_acc_max,969622.8338853676,2095866.5389390031,1500699.1790836288,4186682.9265804742,0.7726890030403725,0.16041392567997315,0.16041392567997315
s1_x_vel_skew,-0.358962025590063,1.8199228179425249,-0.0757972028921245,1.7154363421336747,0.13460474540679643,0.16012021488442968,0.16012021488442968
s2_x_kurt,-0.3489195294515149,1.1559064367962506,-0.5113223108872059,0.8540279000074101,0.10769989496880193,-0.15980766729048673,0.15980766729048673
s1_y_pow_8_12hz,0.00955352184363643,0.010291542534152619,0.007921249527990254,0.010186274735217443,0.0055297915540341025,-0.15941647606559564,0.15941647606559564
s2_x_acc_std,1777.6436890700008,2507.35585612087,1445.5516399059954,1596.7585280730932,0.05508138141423451,-0.1579916166354985,0.1579916166354985
s2_yaw_vel_kurt,37.70585673022243,63.44473122588695,48.092410708411514,68.21721505681174,0.08618781498948672,0.157672546182709,0.157672546182709
s1_pitch_acc_std,22371.65366525377,35805.22494785939,17470.326968005214,25592.631982796473,0.008010541714785444,-0.1574940609125699,0.1574940609125699
rel_yaw_mean,23.77978030210347,135.3417565870077,2.203111237231683,139.02739621240792,0.19275861126923288,-0.15726784414990194,0.15726784414990194
s1_roll_rms,102.75710336365275,28.673680879325783,107.2563812027147,29.187729253402765,0.18982054929803527,0.15551298456790835,0.15551298456790835
dist_tap_shimmer,0.05079614455017432,0.027524951052591024,0.05796649709212524,0.05939209359600727,0.5076675780444603,0.15490943772798338,0.15490943772798338
s1_yaw_pow_8_12hz,0.016611698653247114,0.020545075429434404,0.01325683065257295,0.023044808126584906,0.027794530783711413,-0.15367625753316935,0.15367625753316935
s1_pitch_kurt,-0.8528198092592758,0.6785775023433646,-0.7424334264796569,0.7807047353559897,0.2586903439416818,0.15091946096930983,0.15091946096930983
s2_pitch_vel_kurt,13.039865930493132,31.270361998440286,19.27686764042288,49.609388694176204,0.062478668498995825,0.15041092543949128,0.15041092543949128
s2_yaw_p95,143.3105255102041,33.12777294792592,137.62098411214953,42.21999460569025,0.7022663050449733,-0.1499331717711062,0.1499331717711062
s2_y_vel_rms,20.42499436254021,14.72129079551385,18.161787183906267,15.785731430867356,0.0021891560464925544,-0.14828263293972646,0.14828263293972646
s2_y_vel_std,20.4223770107849,14.718279566527512,18.1598819226991,15.784723102669274,0.002176534827452087,-0.14825514815927177,0.14825514815927177
s1_y_vel_skew,-0.07345513684071116,1.8333065497627428,0.2639734874558414,2.673544762493338,0.16537565911776797,0.14720387059385992,0.14720387059385992
s2_z_iqr,1.7553639455782313,0.8303032779412248,1.6462429906542055,0.6445708304302353,0.4809023730230483,-0.14681369352207185,0.14681369352207185
s2_roll_acc_std,534330.3985323434,1253658.9055494634,398973.4850519509,370144.61179176974,0.3583733868051898,-0.14644233246606367,0.14644233246606367
s1_yaw_acc_max,1703211.721679559,7254385.915126111,3174915.0782118742,12614464.237569222,0.7306886188535786,0.1430285463350475,0.1430285463350475
s1_y_pow_5_8hz,0.0261797005912159,0.02227725412501282,0.023053204808043598,0.021456807181284395,0.10998961406962104,-0.14295245675331616,0.14295245675331616
s1_yaw_vel_skew,0.22663682489518042,2.3361066544501368,-0.2583784052794057,4.206105243734502,0.7332915944380252,-0.14256303231710302,0.14256303231710302
s2_roll_kurt,2.7214998988151264,10.778757520274981,4.397139111437686,12.675017610897152,0.5437689097209404,0.1424239112755772,0.1424239112755772
dist_std,1.836714973376917,0.5024631870909245,1.7741141711135422,0.41080310421508653,0.29216442116133,-0.13640680959734017,0.13640680959734017
s1_z_tap_shimmer,-0.02442224928088562,0.046133266325904324,0.21920876872820375,2.5315817664253024,0.18445268790829306,0.13607662212534177,0.13607662212534177
dist_acc_std,4566.473923634037,7772.908891671382,3616.4270912358843,6106.2180988909095,0.02659090418645691,-0.13592639948886331,0.13592639948886331
rel_yaw_range,269.92014965986397,179.32386686607202,294.95355140186916,189.1019180449158,0.23607980704170528,0.13584602901036585,0.13584602901036585
s2_y_iqr,1.5932619047619048,0.7998660572040299,1.6985186915887849,0.7511360225797853,0.16327665955720994,0.13566052067398834,0.13566052067398834
s1_z_tap_amp_cv,-0.03356091417425673,0.09262984543099227,0.1284839713892777,1.6903346504823733,0.22846773918566554,0.13537127341425667,0.13537127341425667
s2_z_tap_amp_std,0.3454479185538957,0.345776996159942,0.4302326439527703,0.8382428448622811,0.39765047625937433,0.132233197444054,0.132233197444054
s1_x_vel_mean,0.008178936347636868,0.19147310004954818,-0.014380882467654397,0.1471763234167925,0.445584900377085,-0.13210868032285025,0.13210868032285025
s1_z_acc_max,18549.61972010187,36199.680768357786,25388.108870319804,66898.20712424541,0.4728657126586242,0.12714343463528474,0.12714343463528474
rel_roll_mean,1.1097211952465544,74.84140810783742,-9.75081869999081,96.7712716029044,0.14149615241070884,-0.12554943728118592,0.12554943728118592
rel_pitch_std,35.189318911941996,11.452597037078093,33.715031980879935,12.041231815191178,0.28665279408867894,-0.1254648119644372,0.1254648119644372
s1_x_acc_std,1229.0181238687328,2082.4791927602305,994.573961200435,1649.7885684897412,0.0067899276559253525,-0.12479510137937416,0.12479510137937416
s2_y_skew,-0.06105593799351167,0.44622240715203837,-0.007154222954994556,0.424223716410766,0.5564672506101029,0.12380894757954469,0.12380894757954469
s1_z_tap_decay,0.0010879423764120068,0.019052466053895798,0.02539220854659593,0.27862996094173187,0.09102096579643434,0.12307128834325909,0.12307128834325909
s1_z_tap_count,12.204081632653061,7.552031555759446,13.16822429906542,8.126897743933052,0.4451272133385459,0.12290319643560059,0.12290319643560059
s2_z_vel_kurt,17.344512581723716,37.88873897897164,22.29715386922092,42.61186572343653,0.1734279487704835,0.12283482275255606,0.12283482275255606
s2_roll_acc_max,7562634.369161234,29494524.300540324,4914115.6006470015,7768987.212231041,0.944840077396365,-0.12280335940298004,0.12280335940298004
rel_pitch_range,109.2748707482993,29.024882631266642,105.65494392523364,29.946502310181035,0.35028518891708516,-0.12275393694894104,0.12275393694894104
rel_roll_p95,189.8427044217687,92.62584710225086,201.10493130841118,92.67859660346997,0.26829136089591843,0.12155376530750034,0.12155376530750034
s1_z_tap_amp_mean,-8.087782586560124,3.7706792698325,-7.649501836650432,3.50770770133661,0.062381538907096176,0.12035495312974523,0.12035495312974523
dist_tap_amp_mean,5.752712573587762,1.1399847146838493,5.630435835785042,0.9463222714481294,0.47073507175225326,-0.11671658654963608,0.11671658654963608
s2_yaw_acc_std,295676.15230605693,514198.7216795877,248350.81578819014,259533.34361911533,0.8572401310929758,-0.11619784771426211,0.11619784771426211
s1_yaw_range,88.49872789115648,107.86329204322547,101.75602803738316,121.7154552246781,0.6939457274880004,0.11528274106705487,0.11528274106705487
s2_yaw_iqr,86.73854591836735,100.18340493941234,75.64221028037383,92.31897541702484,0.3511781165940524,-0.11518909194523459,0.11518909194523459
rel_y_mean,0.05814869447608148,1.9597845390224853,-0.18085483463556143,2.195141618168057,0.25146885131594965,-0.11486173093211274,0.11486173093211274
s1_y_skew,0.016389467847460235,0.5552458408439165,0.07813673745662805,0.5433812642398658,0.22399374641484493,0.11240150345504339,0.11240150345504339
s1_y_vel_std,9.348328542276267,4.067677955004965,8.667547903650915,7.591370551343468,0.017720156387549667,-0.11178761162333674,0.11178761162333674
s1_y_vel_rms,9.350780087091419,4.068269745146613,8.669842457936348,7.59380523496865,0.017554956965658543,-0.11178190894793996,0.11178190894793996
dist_iti_cv,0.3953094674656957,0.309996241919006,0.42878170791917175,0.2922545333120884,0.15012000513265744,0.1111089503175069,0.1111089503175069
s2_x_range,3.344591836734694,1.3167474293069352,3.2105607476635516,1.103815779171101,0.6767830072218164,-0.1103177064522848,0.1103177064522848
s2_roll_dom_freq,1.4715073360850608,1.1391632049133733,1.3619307281278081,0.8344770376961845,0.04668450591706686,-0.10974011264523356,0.10974011264523356
s2_x_vel_range,166.60389164212694,98.96132650524429,156.28487607392918,91.54500231051124,0.3458421788407394,-0.10825052613064706,0.10825052613064706
s1_z_vel_mean,-0.059998251901654136,0.28402151744735615,-0.11209192823945135,0.6186643602688936,0.8653952837122479,-0.10822199056032741,0.10822199056032741
dist_rms,4.204421915374433,0.7991076770143526,4.120753919479219,0.7474731044517609,0.4664897313298981,-0.10813713171909116,0.10813713171909116
s2_z_iti_cv,0.2413171881333433,0.2839232309988848,0.21501428292955807,0.1971112523380679,0.3017757922021739,-0.10762122346687636,0.10762122346687636
s2_yaw_range,217.32845578231294,134.54728939747253,231.5600280373832,134.1697180216481,0.405905892796273,0.10592227372016842,0.10592227372016842
s2_yaw_vel_skew,-0.23349797422270366,2.767357735657832,0.0785739274653427,3.1573394276374556,0.4353359909511687,0.10511863440437094,0.10511863440437094
dist_iqr,3.6442250426273572,0.8816621062610647,3.5543314328015,0.8284526611980387,0.5894278089779104,-0.1050808161167929,0.1050808161167929
s2_pitch_acc_max,887858.2769578758,2370157.16734699,1143938.9444773556,2512506.7234083004,0.32843120504394074,0.10484928448444204,0.10484928448444204
s2_z_tap_count,17.768707482993197,8.657557767215017,18.710280373831775,9.30079822299903,0.511028416803215,0.10479461161390509,0.10479461161390509
s2_roll_rms,135.72526575526896,21.843316890482306,133.4918941795687,20.999388141339054,0.45806315041467793,-0.10423890835058003,0.10423890835058003
s2_yaw_acc_max,3625693.0617173095,8599948.286665954,2945888.2469276995,3405153.314939466,0.5599553598099254,-0.10393902016388028,0.10393902016388028
s1_y_vel_mean,-0.014933627681895682,0.22457395934177654,0.010988841227716921,0.27682472352252013,0.05022804686938524,0.10284370684460355,0.10284370684460355
rel_roll_std,88.09554911746805,46.92654051452034,92.87287988331055,47.10207364080159,0.654159355863738,0.10161422635780692,0.10161422635780692
s2_z_tap_shimmer,-0.037448805646478546,0.16443888920351718,-0.06661555584387854,0.37344471229092235,0.023036433124060157,-0.10108680829459431,0.10108680829459431
rel_z_kurt,-1.164616974762934,1.022261959328202,-0.9395328724738308,3.021103986680176,0.9641295344731536,0.09980556280418174,0.09980556280418174
s2_roll_mean,-7.300419773021684,91.623145784875,1.6737700260440065,89.43955767717442,0.449722649838008,0.09912076972464014,0.09912076972464014
s1_yaw_vel_range,12929.181578147407,33971.97055636197,16455.45043462508,37742.817728417554,0.994479650624727,0.09820580520385666,0.09820580520385666
s1_x_skew,-0.039069692870449264,0.45471276090401747,0.0020429693328889577,0.3975616852994937,0.3511781165940524,0.09626133495551653,0.09626133495551653
rel_pitch_iqr,69.64346258503402,25.874791578317865,67.11996495327104,27.398770579030483,0.4445538628974838,-0.09469859426262721,0.09469859426262721
s2_z_vel_mean,0.08443747966149938,0.4976800690813046,0.12389428751931911,0.3452171405678996,0.36109535134537574,0.09212692408765173,0.09212692408765173
s1_pitch_mean,33.76597767181064,16.610532826757492,35.37278278768778,18.881864336258975,0.3233207286815798,0.09035878699353903,0.09035878699353903
s2_y_spectral_entropy,2.7562336968137284,0.5297754633406764,2.806215716466281,0.5796049562588941,0.7151367711360406,0.09001723078419396,0.09001723078419396
s2_y_p95,7.558709523809524,3.6349063881653985,7.883281308411214,3.692826091407446,0.3656606865721085,0.08858446920487767,0.08858446920487767
s2_y_kurt,-0.6249326037567966,0.8764597068815393,-0.7228101599811279,1.3034982352248028,0.08810474846838523,-0.08812275792062524,0.08812275792062524
dist_kurt,-1.4222383423956255,0.4737436625060847,-1.2840034462303582,2.1768470860398628,0.32928801664240426,0.08775186144033324,0.08775186144033324
s1_roll_vel_rms,598.285304001589,994.3538621957778,694.2705216235664,1190.5214604526236,0.48792781928709006,0.08751131992311098,0.08751131992311098
s1_roll_vel_std,598.2346684390469,994.308735065233,694.2044769175772,1190.4187131588933,0.48792781928709006,0.08750335161823954,0.08750335161823954
s1_pitch_rms,36.5469501228632,14.882666126085088,37.91278373212185,16.48869425605939,0.4394191389789709,0.08696131064557953,0.08696131064557953
s1_y_acc_max,18227.67613699711,40662.08892453096,22175.233033130695,50302.12042306654,0.8315198560238208,0.08631030911815914,0.08631030911815914
s1_pitch_vel_skew,-0.3871687083204062,1.7435821311397743,-0.5820171005323407,2.6893141174868864,0.34672789600745524,-0.08597535553684536,0.08597535553684536
s2_roll_vel_skew,-0.6523073138914689,3.3948324629382656,-0.38430077906042037,2.8468862918179503,0.7319897211540186,0.08554686806334065,0.08554686806334065
s1_z_vel_range,107.10364102184332,72.38971318886112,138.2329722976919,513.3310922573745,0.03252443663960819,0.08492025610362146,0.08492025610362146
s2_y_vel_kurt,18.601302846449848,46.80413031221027,15.271288384631024,29.92097036389389,0.313256128090486,-0.08477558996125655,0.08477558996125655
s2_z_kurt,-0.5447480488719105,1.802674251726727,-0.29096602758489615,3.836043313691804,0.8545250851149514,0.08467669483084865,0.08467669483084865
s2_y_rms,6.205250573627032,3.4183239629573405,6.4920926650153366,3.4508607474854194,0.40639493351206923,0.08351467773229139,0.08351467773229139
s2_x_vel_skew,-0.7584665028542913,1.614301712835032,-0.9418707593833227,2.658162854976964,0.479289370130195,-0.08340090432554798,0.08340090432554798
dist_vel_range,406.8204792660243,365.8583831505051,370.8251986454441,490.49977702985603,0.020744388777136757,-0.08318941274261693,0.08318941274261693
s2_pitch_vel_range,5430.41217907798,2744.096396020631,5198.824631158042,2829.0128125044575,0.17452335534809038,-0.08309927589885803,0.08309927589885803
s1_roll_acc_std,71207.2012279537,138136.71935139515,85127.83378000071,195321.3204421934,0.73589764018829,0.08229128726071402,0.08229128726071402
rel_pitch_kurt,-1.371398230960213,0.39378108040681026,-1.401622667073208,0.3457027638425173,0.3556643643039761,-0.08157245759720745,0.08157245759720745
dist_mean,3.7639852085502765,0.7226070328679892,3.707503098321556,0.691020549723034,0.5918161862903206,-0.07989093644976526,0.07989093644976526
rel_pitch_p95,60.34257517006803,15.341690866891133,59.08633364485981,16.52216165558007,0.27431988436445764,-0.07879651789531274,0.07879651789531274
s1_z_kurt,-0.1785476382585505,2.8651894733746057,0.14495075189686746,5.052501199015965,0.5199339638336504,0.07876501898666993,0.07876501898666993
s2_pitch_rms,46.36880141490869,9.017728177398304,47.09270801230862,9.59968306779549,0.5622866401438028,0.07772865748164325,0.07772865748164325
s1_yaw_p95,108.33504795918367,49.584143721988575,112.22422149532709,50.66316575374283,0.4857603632408768,0.07758708509473922,0.07758708509473922
rel_x_std,0.9123033593647654,0.43819157857942986,0.881396513856091,0.37870408897438074,0.8382720567651425,-0.0754691752819378,0.0754691752819378
s2_y_acc_std,2815.20093510959,5268.496616848378,2413.0083227209475,5419.811739660891,0.04193915403821548,-0.07525088176445804,0.07525088176445804
s2_yaw_skew,0.38800975223714634,1.963933486154689,0.23151401840010308,2.2239698055265,0.28198477597915605,-0.07459337620397284,0.07459337620397284
rel_pitch_skew,0.1698053953545452,0.38902682269669764,0.19631822683237307,0.3190755366568335,0.9848198340109816,0.07452143824059411,0.07452143824059411
s1_y_vel_range,102.69671666623172,64.57954126792897,111.93147065810619,166.5645861816059,0.7581690588246282,0.07310512314149682,0.07310512314149682
s1_roll_vel_mean,0.03899210975921879,12.260814742443278,-1.0981738877563711,18.30657249561049,0.30502820986476575,-0.07298993112842841,0.07298993112842841
s2_pitch_iqr,51.97172448979591,19.43591839302652,53.43828504672897,20.8212446157161,0.7203079665065741,0.07281650677148167,0.07281650677148167
rel_y_p95,3.5472336734693877,1.7526321936145042,3.659097663551401,1.319315363310976,0.2500415941304375,0.07211546149642774,0.07211546149642774
s1_yaw_mean,-3.5258536788637067,91.40369667501184,-10.05639658866042,92.7160854363904,0.5460669363384492,-0.07093618015801557,0.07093618015801557
s1_x_range,2.7088163265306124,1.165005719646163,2.6374953271028043,0.8201214905878021,0.9187152390570344,-0.07079486748032714,0.07079486748032714
s1_yaw_vel_mean,0.8580824091522746,30.00309375370318,-1.6484860155940269,40.09502941439698,0.9986199023336391,-0.07078616295355271,0.07078616295355271
s2_z_pow_5_8hz,0.04653325113163502,0.03577802261402994,0.04420900318998399,0.030969082775274968,0.7372018057537943,-0.06946335599572925,0.06946335599572925
s2_z_std,1.0633639692705203,0.5528439609138073,1.0282350619406295,0.4732875941028706,0.8019640770533917,-0.06826376508151238,0.06826376508151238
s1_roll_pow_5_8hz,0.03270819627206501,0.037454902258569796,0.030338366537042825,0.03219222123575615,0.2858711884587736,-0.06785903054727459,0.06785903054727459
s2_x_std,0.7191421008714639,0.2918941722652918,0.7004204876348531,0.2726164659318755,0.7228983875302047,-0.06629000445776868,0.06629000445776868
s2_roll_vel_range,54338.8153840868,46866.330648756266,51720.80584952431,33664.41382595703,0.6604130345144361,-0.06416241292687261,0.06416241292687261
dist_tap_amp_cv,0.06313172237671147,0.03805221700332135,0.0660642403484306,0.052604721073587137,0.9820602331963283,0.06387709384964718,0.06387709384964718
s1_z_acc_std,1135.2699848086834,1387.426580478567,1299.1443606198077,3362.4986703740396,0.04517848317286555,0.06371240108777967,0.06371240108777967
rel_pitch_rms,39.67530355173346,11.688706348543601,38.949756212723685,11.478285662032478,0.47821546400090986,-0.06263371721498652,0.06263371721498652
rel_x_skew,0.058430662541373135,0.4912706864015793,0.02696324036556395,0.515293082162948,0.8858441124115072,-0.06250664978787591,0.06250664978787591
s2_y_vel_skew,-0.3955149835832848,2.8007584878171157,-0.24167072946001533,2.0671776808789524,0.42925250218182864,0.06250147575790975,0.06250147575790975
s1_z_pow_5_8hz,0.02451272924660682,0.01924982478503731,0.023111135976389474,0.02539928784856073,0.1232778914322852,-0.06219545358395399,0.06219545358395399
s2_pitch_std,26.87441321314434,8.535923444509192,27.412551361804177,9.040248357917285,0.8033017337553949,0.06120977418904605,0.06120977418904605
s2_y_mean,0.8934943812405791,6.92997493731689,1.3225879704596242,7.147203217510537,0.6429639234598894,0.060955754778428614,0.060955754778428614
s1_y_range,2.6492244897959187,1.1487387451924707,2.719429906542056,1.1748437248405368,0.4257263987027696,0.06042478575814488,0.06042478575814488
rel_yaw_skew,-0.3864819665878471,1.9191456903528512,-0.2634628076417683,2.2304496407447156,0.3241688560355348,0.05912597480824225,0.05912597480824225
rel_roll_skew,0.023011582456076717,1.237888937945728,-0.05596569747260849,1.4440547943437576,0.8585982898396642,-0.05872230568480255,0.05872230568480255
s1_yaw_iqr,45.65223129251701,87.19256315629524,40.852093457943916,79.20268245567618,0.909110969923939,-0.05762921386921309,0.05762921386921309
rel_y_std,1.1935621109526373,0.620530612670888,1.2242119389207722,0.43908878430581244,0.3058444887489903,0.05702073011682615,0.05702073011682615
s1_yaw_rms,92.93001265438522,47.399542666419805,95.60925612071412,47.516140877574536,0.6293901468425593,0.05645518937885592,0.05645518937885592
s2_pitch_p95,68.89350986394557,11.069517672877975,69.55025607476635,12.958849450311074,0.43431863511300806,0.05449603699257949,0.05449603699257949
rel_pitch_mean,-2.052916251082531,18.360036996440652,-1.0400282510759868,19.132648716470563,0.5775531445830042,0.054019763513140674,0.054019763513140674
s1_x_std,0.6528681057996983,0.26257177341720994,0.6398035608130216,0.23070149266613732,0.8913105787861726,-0.05286060476244029,0.05286060476244029
s1_yaw_std,26.548166227465927,42.55386418254468,28.808140978167124,43.262002984598425,0.8858441124115072,0.05266853054455201,0.05266853054455201
s1_z_range,3.067108843537415,2.102772559534834,2.9238878504672896,3.2252571970964556,0.059613622201045754,-0.052606560354323574,0.052606560354323574
s2_pitch_range,87.43598639455783,21.36834736573402,88.55683177570096,22.770331016226425,0.7806430090242422,0.05076184608882847,0.05076184608882847
s2_z_tap_jitter,0.19937813804512455,0.22068388288494334,0.1897816632090171,0.15717287788998147,0.1800763752417449,-0.05009159064853732,0.05009159064853732
s2_z_tap_amp_cv,-0.05443299440514271,0.2591838761115735,-0.06717796806987644,0.25510826201969933,0.033954129279830866,-0.049561611136393305,0.049561611136393305
s2_z_vel_rms,22.916454398371897,18.176112359098244,21.698248100224305,30.459379788622012,0.06907768872866916,-0.04857026929834927,0.04857026929834927
s2_z_vel_std,22.9124739466311,18.17412075422196,21.695584791451868,30.459068659673484,0.06881369193188572,-0.048519515827362886,0.048519515827362886
s2_pitch_mean,35.81889392289316,12.381273346302446,36.41281103876377,12.280480147517865,0.9008891818534239,0.04816463320410141,0.04816463320410141
s2_pitch_kurt,-1.3040858933723782,0.4263177016306354,-1.3250113906880125,0.454688333238153,0.3344592685846035,-0.04747902967039709,0.04747902967039709
s2_z_skew,0.27000244563088394,0.5378854513352586,0.3003065410995251,0.7447145976702545,0.8518117606679227,0.04665149133111843,0.04665149133111843
s2_roll_iqr,129.70004591836732,121.99791203007246,124.19328738317759,116.60136335903418,0.8817478101600866,-0.0461472530139523,0.0461472530139523
dist_vel_skew,0.3168286796334862,2.563456736300313,0.42594481609121515,2.1711215922856244,0.04211381386672892,0.045935840628625255,0.045935840628625255
s2_yaw_kurt,4.09584075551968,18.687332861772713,4.97580291489295,20.77641089231709,0.38617322476332205,0.04453362541830468,0.04453362541830468
s1_yaw_acc_std,125642.66885906894,408541.1146890605,143939.69544912718,452451.7167664624,0.23403405719813797,0.04244699140932633,0.04244699140932633
s2_z_vel_skew,-0.04034888913094836,2.4062484399975252,0.06663175670148613,2.6637296373275774,0.28198477597915605,0.0421473032836011,0.0421473032836011
s1_pitch_skew,0.04185166277558911,0.4201540006805363,0.05947808801463252,0.41968478411832605,0.87901869128332,0.04197572868244618,0.04197572868244618
s2_yaw_vel_rms,2310.8689585279303,2301.8718580008763,2217.7033826355196,2150.5480140508134,0.7190139567728047,-0.041825262216379444,0.041825262216379444
s2_yaw_vel_std,2310.674775626113,2301.6973502149294,2217.5278931080343,2150.3533991829154,0.7190139567728047,-0.041820326764014336,0.041820326764014336
s2_yaw_pow_8_12hz,0.036185193490049526,0.03553467748297797,0.03469144057398782,0.03687134460536933,0.28275917752131563,-0.041253431685081075,0.041253431685081075
s2_x_acc_max,27768.03015740277,60186.70079439622,25615.914988515226,43646.979666473184,0.6086578357663093,-0.040937019303801114,0.040937019303801114
s2_z_vel_range,278.5394551887799,302.6266004652279,299.82345323725207,695.0949005362719,0.9159699424711891,0.039703846169399246,0.039703846169399246
s1_roll_kurt,0.7745827473789566,9.53715230748274,1.1451874223775436,9.403017438426962,0.6654331365650537,0.039133269283963906,0.039133269283963906
rel_yaw_kurt,4.200253882856431,20.015977874324324,5.009807259250179,21.564649189454922,0.26978989036612255,0.038911989270893135,0.038911989270893135
s1_yaw_vel_std,870.3099301433626,1920.9454065630791,802.7211823294303,1659.7682002212662,0.3871220079531752,-0.03765152716552056,0.03765152716552056
s1_yaw_vel_rms,870.4228758964872,1921.128722537415,802.8574031328809,1660.187367182003,0.3871220079531752,-0.037632442666723685,0.037632442666723685
s2_y_std,1.0110724374752313,0.5872998231364858,1.0299960999021691,0.403809771885708,0.21426523622047555,0.03754874479099727,0.03754874479099727
dist_skew,-0.17212897473124336,0.42751426247335034,-0.15420470595175714,0.5296977365847642,0.8355697178295534,0.03723940513592179,0.03723940513592179
s1_x_kurt,-0.702917529539654,0.9279339623465412,-0.7328488730820405,0.6754810702468121,0.9793008470372839,-0.03688016966724028,0.03688016966724028
s2_z_acc_max,45813.54477893078,98472.58023235084,49742.040853870945,117567.64239711256,0.8436824297913399,0.03622696062587387,0.03622696062587387
s2_roll_vel_mean,-4.8434998367035424,71.9110512582228,-7.125019659594401,53.01774864970655,0.8504557538206554,-0.036114464531935245,0.036114464531935245
dist_acc_max,79927.9141036274,186464.30187356178,73526.42367277131,171152.19078224376,0.33793569391630196,-0.0357680961107281,0.0357680961107281
s1_y_mean,0.9516430757166607,5.548840152415622,1.1417331358240626,5.492129897720072,0.895413835802389,0.03443312531535888,0.03443312531535888
rel_roll_iqr,128.76361904761904,102.57621976678192,132.28442523364484,103.9478682290201,0.5346251894735818,0.034095088569063584,0.034095088569063584
s2_roll_p95,164.16226530612244,17.920333290295105,164.73104158878505,16.266528573233067,0.9352067549304418,0.033235687451983915,0.033235687451983915
s1_x_vel_kurt,11.740819310896992,25.051060145499747,12.466881427630597,18.902799260737577,0.04317474706573621,0.03271892337894626,0.03271892337894626
s1_x_iqr,1.0716836734693878,0.5149779380111407,1.055766355140187,0.459816220997392,0.9482825509150699,-0.032605640751302414,0.032605640751302414
s1_z_vel_skew,-0.4043750332257562,1.7917163811933066,-0.3341375162014396,2.5330179305720146,0.27660425748652917,0.03201485783549697,0.03201485783549697
s1_y_kurt,-0.5155500312933916,1.6609957547337646,-0.46310646102146147,1.6930602311066383,0.40249519644806286,0.03127030329593226,0.03127030329593226
rel_z_range,4.721829931972788,2.4064996014171878,4.853485981308411,5.52661856930177,0.29216442116133,0.030888350002138295,0.030888350002138295
rel_yaw_p95,212.3403268707483,79.09024828393144,209.92667009345794,86.5510213629245,0.9324560565358716,-0.029113663967596393,0.029113663967596393
s2_z_iti_std,0.13156693625804003,0.20507846541064223,0.1371617758746158,0.18831875624386898,0.016051311984996455,0.0284179397465399,0.0284179397465399
s2_roll_pow_8_12hz,0.04564588100591558,0.03200405290984826,0.044656935671463845,0.03748008568132047,0.26829136089591843,-0.02837736554460351,0.02837736554460351
s1_roll_vel_skew,-0.05419471117090488,2.0666828166061597,-0.11673652052299356,2.3544298470903406,0.4466172991114856,-0.028232605281785617,0.028232605281785617
dist_vel_kurt,17.11492589955617,42.59888841919885,15.999969618696957,42.45810456350505,0.19933971495729252,-0.02621665108298864,0.02621665108298864
s2_y_vel_range,240.6676324375904,260.5308377641136,232.5398659194633,370.2756859104185,0.07538278734390626,-0.02538809109928546,0.02538809109928546
s1_y_acc_std,1145.5899369640567,1824.648744697967,1099.8514849896183,1838.8753085248582,0.09338500202045281,-0.02496945915760983,0.02496945915760983
s1_y_p95,5.650787755102041,3.2540066565341306,5.728164018691587,3.098225614924081,0.746351926377752,0.024354590018185476,0.024354590018185476
dist_range,5.5274142182862445,2.0899879560354266,5.4695287589878365,2.658046647660326,0.5587914796077185,-0.024210257601308106,0.024210257601308106
s1_y_rms,4.7585563271592575,3.0871503760154897,4.828960444404503,2.936196113105236,0.7424260051365699,0.023369739086130742,0.023369739086130742
rel_yaw_rms,155.37790224866103,65.85905243121026,153.8871029366623,64.95178125065377,0.8193974970010709,-0.022792660426690918,0.022792660426690918
rel_x_rms,1.8187306431001973,1.0561074023955745,1.7973451431353413,0.939665191510049,0.8913105787861726,-0.021394415174693374,0.021394415174693374
dist_tap_count,20.20408163265306,8.633851093273448,20.037383177570092,7.802378302218623,0.8836463268032282,-0.020258364423341058,0.020258364423341058
s2_yaw_vel_p95,4051.573919305516,6124.812341264247,4181.09646013423,6685.5480221722955,0.2586903439416818,0.020202185278606094,0.020202185278606094
s1_pitch_acc_max,375511.64189434476,808695.0485110172,359556.78807354055,771264.9342222591,0.42824341295298984,-0.020190863834722326,0.020190863834722326
rel_x_p95,2.877446598639455,1.449099243509378,2.8508794392523362,1.3088615723974601,0.90499880292622,-0.019240940850514927,0.019240940850514927
s2_x_iqr,1.0860425170068027,0.5521463703255983,1.0963341121495325,0.5294165497149312,0.7235463935727662,0.01902676766710581,0.01902676766710581
rel_y_skew,0.025398673689848206,0.4761320855098883,0.03396533834870658,0.43869574372388087,0.35656593310178697,0.01871281253372571,0.01871281253372571
s1_roll_skew,0.08574209660908726,1.144875560136895,0.1083994575904442,1.303077636975877,0.4559699271584208,0.018472733753127035,0.018472733753127035
s1_roll_mean,-6.19069857777513,101.46787896053952,-8.077048673946802,103.79589630404749,0.876291009087407,-0.018378584173371397,0.018378584173371397
rel_roll_kurt,1.5746676324670694,9.5187617214568,1.7264425510007695,7.369976803959577,0.4333026541318902,0.01782977139422203,0.01782977139422203
s2_pitch_acc_std,54194.81761905344,98870.46602525616,55841.35914257053,89396.46069081374,0.025660678228557145,0.017469459086564672,0.017469459086564672
s2_y_range,4.40443537414966,2.2992105094818815,4.441037383177569,1.8927962004786527,0.40395487540646846,0.017381268063305685,0.017381268063305685
s1_pitch_vel_mean,0.6528347978660288,3.6683667643524256,0.6009544109783396,2.2954846633023687,0.6529115101030036,-0.01695484352964799,0.01695484352964799
s2_z_tap_decay,-0.005628295514774048,0.07672230599936863,-0.004674260470921786,0.02406769629908472,0.0030638331514017824,0.016779385111617955,0.016779385111617955
s1_roll_pow_8_12hz,0.011851213211741856,0.025877264605618355,0.011442679092547134,0.02383198765639664,0.005471262741470989,-0.016423049429220023,0.016423049429220023
dist_tap_amp_std,0.3752333423090858,0.38919828782137106,0.38214060047016113,0.4834144882494399,0.907739971448466,0.015739732554594602,0.015739732554594602
s2_roll_std,88.69494302374846,50.829011073909776,89.41911656359747,47.571480146794514,0.8803830731304562,0.014710842094688302,0.014710842094688302
s2_yaw_std,62.025671035626615,50.16990385762088,62.73645419560895,48.04490785103978,0.7424260051365699,0.014470665639124839,0.014470665639124839
dist_pow_8_12hz,0.007166638220058019,0.006238947820414242,0.007331763245777708,0.01555252994255574,0.02142009515167888,0.013935577333465387,0.013935577333465387
s2_z_range,4.54547619047619,2.928282901776136,4.589028037383178,3.4660313928232576,0.8613157335212572,0.013574137182574834,0.013574137182574834
s2_pitch_vel_skew,-0.9604768531557606,1.9840259297005527,-0.9852661859588249,2.571267261475259,0.9352067549304418,-0.010794422767791656,0.010794422767791656
s1_x_acc_max,20543.88363419045,47029.53787379412,21026.57562663901,47927.67242210416,0.1680278859140023,0.010166061148569452,0.010166061148569452
dist_vel_mean,-0.10725759047572549,0.6429379784374877,-0.10134645777489608,0.5194636458433962,0.944840077396365,0.010113653069011096,0.010113653069011096
s2_roll_skew,0.046897010787014366,1.897336615634625,0.06559374212117296,2.094160605868155,0.9820602331963283,0.009356910745944367,0.009356910745944367
s1_y_iqr,1.0207602040816328,0.5135468575464919,1.0167429906542058,0.5117262411310212,0.9043136514668983,-0.00783636496112114,0.00783636496112114
rel_x_iqr,1.559673469387755,1.0323663963782221,1.5542149532710279,0.8862067123265663,0.7417722796869237,-0.005673742789056595,0.005673742789056595
rel_x_mean,1.2133565578488168,1.3880203824243675,1.206006619798548,1.3185945802430374,0.8858441124115072,-0.0054293066580619505,0.0054293066580619505
s1_z_skew,0.20421131365214137,0.7561591788845106,0.19975615045693781,0.9440923949390101,0.40444225313370163,-0.005208869971368506,0.005208869971368506
rel_yaw_std,74.71537624139415,63.3596939715236,74.49721548327604,54.924208017818025,0.5811037013997982,-0.0036794202483431153,0.0036794202483431153
s1_pitch_p95,50.20907755102041,16.76573426409425,50.15315280373831,17.671127364998313,0.9063692477675284,-0.0032468364428840006,0.0032468364428840006
rel_y_range,4.473530612244898,2.192617403696975,4.4673364485981315,2.1720322063666386,0.9903395440200191,-0.002838301036634636,0.002838301036634636
s2_yaw_vel_range,34096.397590382025,41287.065215855844,33998.70745967642,31765.798181644954,0.8301708899608089,-0.00265207472344419,0.00265207472344419
s2_y_acc_max,49130.52826005783,126602.49320833432,49446.32381181761,150806.02430458143,0.5646225270294788,0.002268138000677048,0.002268138000677048
rel_z_skew,-0.18367492247954353,0.4730766122028404,-0.18290209133245364,0.4314948084149176,0.8369206467688003,0.0017069208350497195,0.0017069208350497195
s1_y_std,0.6366631527766675,0.2715956777218158,0.6370949890130014,0.2591740657219009,0.9875796164703465,0.0016267620054515727,0.0016267620054515727
s1_z_vel_rms,9.813968857795167,5.312866876637484,9.800894055726248,23.342571568535423,0.00021138197625291706,-0.0007723854470426689,0.0007723854470426689
s1_z_vel_std,9.809855241514738,5.312533418112926,9.797602463650936,23.33548472813424,0.00021138197625291706,-0.0007240361297406072,0.0007240361297406072
s2_z_acc_std,2738.9985153390376,3914.0872602304985,2737.148436646282,5713.044442659099,0.40639493351206923,-0.0003778072951307752,0.0003778072951307752
